contig_id,barcode,chain,cdr3,is_cell,productive,high_confidence,sample
W688674,W688674,TRB,AAGPTENIQY,TRUE,TRUE,TRUE,patient_1
W689088,W689088,TRB,AAGPTENIQY,TRUE,TRUE,TRUE,patient_5
WMC624739,WMC624739,TRB,AAGTGLVNNEQF,TRUE,TRUE,TRUE,patient_1
WMC624858,WMC624858,TRB,AAGTGLVNNEQF,TRUE,TRUE,TRUE,patient_2
WMC0035325,WMC0035325,TRB,ACGRDSGNTIY,TRUE,TRUE,TRUE,patient_5
WMC0035186,WMC0035186,TRB,ACGRDSGNTIY,TRUE,TRUE,TRUE,patient_1
W840569,W840569,TRB,ACRWQGVRDEQF,TRUE,TRUE,TRUE,patient_2
W842195,W842195,TRB,ACRWQGVRDEQF,TRUE,TRUE,TRUE,patient_5
W842496,W842496,TRB,ACRWQGVRDEQF,TRUE,TRUE,TRUE,patient_4
W842369,W842369,TRB,ACRWQGVRDEQF,TRUE,TRUE,TRUE,patient_3
WMC289748,WMC289748,TRB,AGDEQY,TRUE,TRUE,TRUE,patient_2
WMC290030,WMC290030,TRB,AGDEQY,TRUE,TRUE,TRUE,patient_3
WMC0035049,WMC0035049,TRB,AGGGGFAGGPF,TRUE,TRUE,TRUE,patient_5
W840042,W840042,TRB,AGGLDLWNEQF,TRUE,TRUE,TRUE,patient_4
W686813,W686813,TRB,AIMGSETSTDTQY,TRUE,TRUE,TRUE,patient_3
WMC626388,WMC626388,TRB,AIRGQGRSNYGYT,TRUE,TRUE,TRUE,patient_1
W689059,W689059,TRB,AISAGGLAVQETQY,TRUE,TRUE,TRUE,patient_2
W689565,W689565,TRB,AISAQDRGSGPST,TRUE,TRUE,TRUE,patient_2
W703125,W703125,TRB,AISASGRFYNEQF,TRUE,TRUE,TRUE,patient_2
W843521,W843521,TRB,AISDEGLDTEAF,TRUE,TRUE,TRUE,patient_1
W692322,W692322,TRB,AISDLRYTGELF,TRUE,TRUE,TRUE,patient_3
W692251,W692251,TRB,AISDPGTGVKYEQY,TRUE,TRUE,TRUE,patient_2
WMC693667,WMC693667,TRB,AISDPGVGYGYT,TRUE,TRUE,TRUE,patient_4
WMC696573,WMC696573,TRB,AISDPGVGYGYT,TRUE,TRUE,TRUE,patient_3
WMC0035629,WMC0035629,TRB,AISDPPYEQY,TRUE,TRUE,TRUE,patient_5
WMC0035921,WMC0035921,TRB,AISDPPYEQY,TRUE,TRUE,TRUE,patient_1
WMC0036082,WMC0036082,TRB,AISDPPYEQY,TRUE,TRUE,TRUE,patient_5
WMC0037767,WMC0037767,TRB,AISDPPYEQY,TRUE,TRUE,TRUE,patient_4
WMC0035532,WMC0035532,TRB,AISDRGQSYEQY,TRUE,TRUE,TRUE,patient_5
WMC0035812,WMC0035812,TRB,AISDRGQSYEQY,TRUE,TRUE,TRUE,patient_4
WMC0036150,WMC0036150,TRB,AISDRGQSYEQY,TRUE,TRUE,TRUE,patient_1
WMC0038064,WMC0038064,TRB,AISDRGQSYEQY,TRUE,TRUE,TRUE,patient_1
WMC0038063,WMC0038063,TRB,AISDRGQSYEQY,TRUE,TRUE,TRUE,patient_4
WMC0037903,WMC0037903,TRB,AISDRGQSYEQY,TRUE,TRUE,TRUE,patient_3
WMC0038676,WMC0038676,TRB,AISDRGQSYEQY,TRUE,TRUE,TRUE,patient_2
WMC0038573,WMC0038573,TRB,AISDRGQSYEQY,TRUE,TRUE,TRUE,patient_4
W686262,W686262,TRB,AISDRQLQETQY,TRUE,TRUE,TRUE,patient_2
W692523,W692523,TRB,AISEGGPGLSDTIY,TRUE,TRUE,TRUE,patient_5
W693100,W693100,TRB,AISEGGPGLSDTIY,TRUE,TRUE,TRUE,patient_3
WMC0038608,WMC0038608,TRB,AISEKRPRNEKLF,TRUE,TRUE,TRUE,patient_3
W683957,W683957,TRB,AISELQGEAF,TRUE,TRUE,TRUE,patient_5
W695176,W695176,TRB,AISEPNTRDRTQSAPA,TRUE,TRUE,TRUE,patient_3
W684255,W684255,TRB,AISESASGGETQY,TRUE,TRUE,TRUE,patient_1
W686648,W686648,TRB,AISESASGGETQY,TRUE,TRUE,TRUE,patient_3
W688613,W688613,TRB,AISESKADTQY,TRUE,TRUE,TRUE,patient_5
WMC286758,WMC286758,TRB,AISESKWPREQY,TRUE,TRUE,TRUE,patient_5
WMC287522,WMC287522,TRB,AISESKWPREQY,TRUE,TRUE,TRUE,patient_3
WMC289584,WMC289584,TRB,AISESKWPREQY,TRUE,TRUE,TRUE,patient_5
WMC291204,WMC291204,TRB,AISESKWPREQY,TRUE,TRUE,TRUE,patient_2
W702955,W702955,TRB,AISESTSGRESTYNEQF,TRUE,TRUE,TRUE,patient_4
W702816,W702816,TRB,AISESTSGRESTYNEQF,TRUE,TRUE,TRUE,patient_5
W703164,W703164,TRB,AISESTSGRESTYNEQF,TRUE,TRUE,TRUE,patient_2
W703433,W703433,TRB,AISESTSGRESTYNEQF,TRUE,TRUE,TRUE,patient_2
W703165,W703165,TRB,AISESTSGRESTYNEQF,TRUE,TRUE,TRUE,patient_4
W703177,W703177,TRB,AISESTSGRESTYNEQF,TRUE,TRUE,TRUE,patient_5
W703259,W703259,TRB,AISESTSGRESTYNEQF,TRUE,TRUE,TRUE,patient_4
W703381,W703381,TRB,AISESTSGRESTYNEQF,TRUE,TRUE,TRUE,patient_3
W703712,W703712,TRB,AISESTSGRESTYNEQF,TRUE,TRUE,TRUE,patient_1
W703884,W703884,TRB,AISESTSGRESTYNEQF,TRUE,TRUE,TRUE,patient_4
W703853,W703853,TRB,AISESTSGRESTYNEQF,TRUE,TRUE,TRUE,patient_1
W703722,W703722,TRB,AISESTSGRESTYNEQF,TRUE,TRUE,TRUE,patient_3
W703626,W703626,TRB,AISESTSGRESTYNEQF,TRUE,TRUE,TRUE,patient_4
WMC627688,WMC627688,TRB,AISFGLAGSYEQY,TRUE,TRUE,TRUE,patient_4
W683805,W683805,TRB,AISGLAVYNEQF,TRUE,TRUE,TRUE,patient_1
W684459,W684459,TRB,AISLRERQETQY,TRUE,TRUE,TRUE,patient_3
W683954,W683954,TRB,AISPPGGGGANVLT,TRUE,TRUE,TRUE,patient_3
W840150,W840150,TRB,AISQGNRGSRNEQF,TRUE,TRUE,TRUE,patient_2
W842300,W842300,TRB,AISSHVRDSLHNSPLH,TRUE,TRUE,TRUE,patient_3
W692445,W692445,TRB,AISSVRSNYGYT,TRUE,TRUE,TRUE,patient_4
W692580,W692580,TRB,AITKQVADEQY,TRUE,TRUE,TRUE,patient_4
W692413,W692413,TRB,AITKQVADEQY,TRUE,TRUE,TRUE,patient_1
W694326,W694326,TRB,AITKQVADEQY,TRUE,TRUE,TRUE,patient_3
WMC0034763,WMC0034763,TRB,ALSGTSGGEEFLETQY,TRUE,TRUE,TRUE,patient_4
WMC0034916,WMC0034916,TRB,ALSGTSGGEEFLETQY,TRUE,TRUE,TRUE,patient_2
W684586,W684586,TRB,ANELPGTSGEQF,TRUE,TRUE,TRUE,patient_4
W684510,W684510,TRB,ANELPGTSGEQF,TRUE,TRUE,TRUE,patient_5
W684546,W684546,TRB,ANELPGTSGEQF,TRUE,TRUE,TRUE,patient_1
W688054,W688054,TRB,ANELPGTSGEQF,TRUE,TRUE,TRUE,patient_5
W687900,W687900,TRB,ANELPGTSGEQF,TRUE,TRUE,TRUE,patient_4
W692723,W692723,TRB,ANNQRRRDIQY,TRUE,TRUE,TRUE,patient_5
WMC0038039,WMC0038039,TRB,ANPLAGEEQY,TRUE,TRUE,TRUE,patient_1
W688836,W688836,TRB,APHGRVSTDTQY,TRUE,TRUE,TRUE,patient_1
W692446,W692446,TRB,ARARGMGGTEAF,TRUE,TRUE,TRUE,patient_5
W692735,W692735,TRB,ARARGMGGTEAF,TRUE,TRUE,TRUE,patient_5
WMC331145,WMC331145,TRB,ARIATPAYNEQF,TRUE,TRUE,TRUE,patient_1
WMC219999,WMC219999,TRB,ARKHDGGILRAV,TRUE,TRUE,TRUE,patient_3
WMC220532,WMC220532,TRB,ARKHDGGILRAV,TRUE,TRUE,TRUE,patient_3
W686114,W686114,TRB,ARPQGRFGTDTQY,TRUE,TRUE,TRUE,patient_4
WMC0035622,WMC0035622,TRB,ARSGTGTIRAV,TRUE,TRUE,TRUE,patient_1
WMC0038650,WMC0038650,TRB,ARSGTGTIRAV,TRUE,TRUE,TRUE,patient_4
W844388,W844388,TRB,ASAEGWTEAF,TRUE,TRUE,TRUE,patient_2
WMC0035852,WMC0035852,TRB,ASAGPRNEQF,TRUE,TRUE,TRUE,patient_3
WMC0035321,WMC0035321,TRB,ASAQGTITGGYT,TRUE,TRUE,TRUE,patient_4
W842504,W842504,TRB,ASAQRDNEQF,TRUE,TRUE,TRUE,patient_3
W842461,W842461,TRB,ASAQRDNEQF,TRUE,TRUE,TRUE,patient_5
WMC0035484,WMC0035484,TRB,ASARGRNTEAF,TRUE,TRUE,TRUE,patient_5
W686674,W686674,TRB,ASASQVSYEQY,TRUE,TRUE,TRUE,patient_5
W688220,W688220,TRB,ASAVSDTEAF,TRUE,TRUE,TRUE,patient_4
W839861,W839861,TRB,ASCPGLNTGELF,TRUE,TRUE,TRUE,patient_1
W688794,W688794,TRB,ASDGGNQPQH,TRUE,TRUE,TRUE,patient_5
WMC287311,WMC287311,TRB,ASDKGTGRSETQY,TRUE,TRUE,TRUE,patient_5
WMC287410,WMC287410,TRB,ASDKGTGRSETQY,TRUE,TRUE,TRUE,patient_5
WMC287406,WMC287406,TRB,ASDKGTGRSETQY,TRUE,TRUE,TRUE,patient_1
WMC289425,WMC289425,TRB,ASDKGTGRSETQY,TRUE,TRUE,TRUE,patient_4
WMC289718,WMC289718,TRB,ASDKGTGRSETQY,TRUE,TRUE,TRUE,patient_3
WMC289745,WMC289745,TRB,ASDKGTGRSETQY,TRUE,TRUE,TRUE,patient_3
WMC290331,WMC290331,TRB,ASDKGTGRSETQY,TRUE,TRUE,TRUE,patient_5
WMC290169,WMC290169,TRB,ASDKGTGRSETQY,TRUE,TRUE,TRUE,patient_1
W687820,W687820,TRB,ASEMAGEGLGTDTQY,TRUE,TRUE,TRUE,patient_1
WMC286319,WMC286319,TRB,ASEWSYNEQF,TRUE,TRUE,TRUE,patient_5
WMC286514,WMC286514,TRB,ASEWSYNEQF,TRUE,TRUE,TRUE,patient_4
WMC287005,WMC287005,TRB,ASEWSYNEQF,TRUE,TRUE,TRUE,patient_2
WMC286780,WMC286780,TRB,ASEWSYNEQF,TRUE,TRUE,TRUE,patient_5
WMC287092,WMC287092,TRB,ASEWSYNEQF,TRUE,TRUE,TRUE,patient_5
W694770,W694770,TRB,ASFGGGETQY,TRUE,TRUE,TRUE,patient_2
WMC286630,WMC286630,TRB,ASFGQGEETQY,TRUE,TRUE,TRUE,patient_4
WMC290881,WMC290881,TRB,ASFGQGEETQY,TRUE,TRUE,TRUE,patient_3
W691605,W691605,TRB,ASFSPGEQF,TRUE,TRUE,TRUE,patient_5
W689038,W689038,TRB,ASGAGGEQY,TRUE,TRUE,TRUE,patient_5
W689157,W689157,TRB,ASGAGGEQY,TRUE,TRUE,TRUE,patient_3
WMC286919,WMC286919,TRB,ASGARISGANVLT,TRUE,TRUE,TRUE,patient_2
WMC286871,WMC286871,TRB,ASGARISGANVLT,TRUE,TRUE,TRUE,patient_4
WMC287309,WMC287309,TRB,ASGARISGANVLT,TRUE,TRUE,TRUE,patient_3
WMC287025,WMC287025,TRB,ASGARISGANVLT,TRUE,TRUE,TRUE,patient_3
WMC287625,WMC287625,TRB,ASGARISGANVLT,TRUE,TRUE,TRUE,patient_3
WMC287684,WMC287684,TRB,ASGARISGANVLT,TRUE,TRUE,TRUE,patient_3
WMC289907,WMC289907,TRB,ASGARISGANVLT,TRUE,TRUE,TRUE,patient_3
WMC330614,WMC330614,TRB,ASGDRANEQY,TRUE,TRUE,TRUE,patient_3
WMC330618,WMC330618,TRB,ASGDRANEQY,TRUE,TRUE,TRUE,patient_5
WMC694008,WMC694008,TRB,ASGEATGGGGWSDQPQH,TRUE,TRUE,TRUE,patient_5
WMC696272,WMC696272,TRB,ASGEATGGGGWSDQPQH,TRUE,TRUE,TRUE,patient_2
WMC696015,WMC696015,TRB,ASGEATGGGGWSDQPQH,TRUE,TRUE,TRUE,patient_3
WMC696431,WMC696431,TRB,ASGEATGGGGWSDQPQH,TRUE,TRUE,TRUE,patient_3
WMC696429,WMC696429,TRB,ASGEATGGGGWSDQPQH,TRUE,TRUE,TRUE,patient_1
W692878,W692878,TRB,ASGEGSYNEQF,TRUE,TRUE,TRUE,patient_2
W694279,W694279,TRB,ASGEGSYNEQF,TRUE,TRUE,TRUE,patient_3
WMC286653,WMC286653,TRB,ASGGAIYNEQF,TRUE,TRUE,TRUE,patient_1
WMC286722,WMC286722,TRB,ASGGAIYNEQF,TRUE,TRUE,TRUE,patient_4
WMC287630,WMC287630,TRB,ASGGAIYNEQF,TRUE,TRUE,TRUE,patient_1
WMC289988,WMC289988,TRB,ASGGAIYNEQF,TRUE,TRUE,TRUE,patient_4
WMC290156,WMC290156,TRB,ASGGAIYNEQF,TRUE,TRUE,TRUE,patient_3
WMC290417,WMC290417,TRB,ASGGAIYNEQF,TRUE,TRUE,TRUE,patient_4
WMC291069,WMC291069,TRB,ASGGAIYNEQF,TRUE,TRUE,TRUE,patient_1
W688865,W688865,TRB,ASGGKNFGDTQY,TRUE,TRUE,TRUE,patient_1
W688552,W688552,TRB,ASGGKNFGDTQY,TRUE,TRUE,TRUE,patient_3
W689193,W689193,TRB,ASGGKNFGDTQY,TRUE,TRUE,TRUE,patient_4
W688952,W688952,TRB,ASGGKNFGDTQY,TRUE,TRUE,TRUE,patient_2
W689732,W689732,TRB,ASGGKNFGDTQY,TRUE,TRUE,TRUE,patient_5
W689935,W689935,TRB,ASGGKNFGDTQY,TRUE,TRUE,TRUE,patient_4
W690054,W690054,TRB,ASGGKNFGDTQY,TRUE,TRUE,TRUE,patient_5
W689729,W689729,TRB,ASGGKNFGDTQY,TRUE,TRUE,TRUE,patient_3
W691859,W691859,TRB,ASGGKNFGDTQY,TRUE,TRUE,TRUE,patient_3
W692242,W692242,TRB,ASGGKNFGDTQY,TRUE,TRUE,TRUE,patient_2
W692958,W692958,TRB,ASGGKNFGDTQY,TRUE,TRUE,TRUE,patient_2
W695214,W695214,TRB,ASGGKNFGDTQY,TRUE,TRUE,TRUE,patient_2
WMC0036043,WMC0036043,TRB,ASGGQGAF,TRUE,TRUE,TRUE,patient_5
WMC0036097,WMC0036097,TRB,ASGGQGAF,TRUE,TRUE,TRUE,patient_3
WMC0038715,WMC0038715,TRB,ASGGQGAF,TRUE,TRUE,TRUE,patient_1
W689472,W689472,TRB,ASGLGHTEAF,TRUE,TRUE,TRUE,patient_4
W689230,W689230,TRB,ASGLGYTEAF,TRUE,TRUE,TRUE,patient_2
W689783,W689783,TRB,ASGLGYTEAF,TRUE,TRUE,TRUE,patient_3
W692047,W692047,TRB,ASGLGYTEAF,TRUE,TRUE,TRUE,patient_4
W692035,W692035,TRB,ASGLGYTEAF,TRUE,TRUE,TRUE,patient_2
W692720,W692720,TRB,ASGLGYTEAF,TRUE,TRUE,TRUE,patient_1
W694754,W694754,TRB,ASGLGYTEAF,TRUE,TRUE,TRUE,patient_3
W689560,W689560,TRB,ASGLVQKGLRYGYT,TRUE,TRUE,TRUE,patient_4
W694426,W694426,TRB,ASGPDRAEKLF,TRUE,TRUE,TRUE,patient_5
W694359,W694359,TRB,ASGPDRAEKLF,TRUE,TRUE,TRUE,patient_5
WMC0038752,WMC0038752,TRB,ASGQGCKDLRAV,TRUE,TRUE,TRUE,patient_1
W691803,W691803,TRB,ASGRVSYNEQF,TRUE,TRUE,TRUE,patient_3
WMC0110430,WMC0110430,TRB,ASGSRGNEQF,TRUE,TRUE,TRUE,patient_2
WMC0036047,WMC0036047,TRB,ASGSRQGYEQY,TRUE,TRUE,TRUE,patient_2
W694868,W694868,TRB,ASGTGGSQETQY,TRUE,TRUE,TRUE,patient_2
W689958,W689958,TRB,ASGTGYEQY,TRUE,TRUE,TRUE,patient_4
WMC287061,WMC287061,TRB,ASGTSGYEQY,TRUE,TRUE,TRUE,patient_2
W689261,W689261,TRB,ASGTSRYGYT,TRUE,TRUE,TRUE,patient_2
W689086,W689086,TRB,ASGYRGEGTDTQY,TRUE,TRUE,TRUE,patient_5
W691940,W691940,TRB,ASHRDSSYNEQF,TRUE,TRUE,TRUE,patient_4
W684174,W684174,TRB,ASIGGNTEAF,TRUE,TRUE,TRUE,patient_2
WMC291793,WMC291793,TRB,ASIGTTYNEQF,TRUE,TRUE,TRUE,patient_5
W686740,W686740,TRB,ASILGGTGNTEAF,TRUE,TRUE,TRUE,patient_2
W840030,W840030,TRB,ASILKIWGYYEQY,TRUE,TRUE,TRUE,patient_3
W686878,W686878,TRB,ASIPNGEATDTQY,TRUE,TRUE,TRUE,patient_1
WMC291414,WMC291414,TRB,ASIRDSGANVLT,TRUE,TRUE,TRUE,patient_1
WMC291317,WMC291317,TRB,ASIRDSGANVLT,TRUE,TRUE,TRUE,patient_5
WMC291508,WMC291508,TRB,ASIRDSGANVLT,TRUE,TRUE,TRUE,patient_1
WMC291436,WMC291436,TRB,ASIRDSGANVLT,TRUE,TRUE,TRUE,patient_5
WMC291593,WMC291593,TRB,ASIRDSGANVLT,TRUE,TRUE,TRUE,patient_2
WMC291247,WMC291247,TRB,ASIRDSGANVLT,TRUE,TRUE,TRUE,patient_1
WMC291511,WMC291511,TRB,ASIRDSGANVLT,TRUE,TRUE,TRUE,patient_4
WMC291726,WMC291726,TRB,ASIRDSGANVLT,TRUE,TRUE,TRUE,patient_2
WMC291673,WMC291673,TRB,ASIRDSGANVLT,TRUE,TRUE,TRUE,patient_1
WMC291679,WMC291679,TRB,ASIRDSGANVLT,TRUE,TRUE,TRUE,patient_4
WMC291967,WMC291967,TRB,ASIRDSGANVLT,TRUE,TRUE,TRUE,patient_1
WMC291702,WMC291702,TRB,ASIRDSGANVLT,TRUE,TRUE,TRUE,patient_3
WMC291952,WMC291952,TRB,ASIRDSGANVLT,TRUE,TRUE,TRUE,patient_2
WMC291625,WMC291625,TRB,ASIRDSGANVLT,TRUE,TRUE,TRUE,patient_3
WMC292088,WMC292088,TRB,ASIRDSGANVLT,TRUE,TRUE,TRUE,patient_4
WMC292241,WMC292241,TRB,ASIRDSGANVLT,TRUE,TRUE,TRUE,patient_1
WMC292255,WMC292255,TRB,ASIRDSGANVLT,TRUE,TRUE,TRUE,patient_1
WMC292323,WMC292323,TRB,ASIRDSGANVLT,TRUE,TRUE,TRUE,patient_1
WMC292334,WMC292334,TRB,ASIRDSGANVLT,TRUE,TRUE,TRUE,patient_5
WMC292251,WMC292251,TRB,ASIRDSGANVLT,TRUE,TRUE,TRUE,patient_4
WMC292028,WMC292028,TRB,ASIRDSGANVLT,TRUE,TRUE,TRUE,patient_4
WMC292277,WMC292277,TRB,ASIRDSGANVLT,TRUE,TRUE,TRUE,patient_2
WMC292474,WMC292474,TRB,ASIRDSGANVLT,TRUE,TRUE,TRUE,patient_3
WMC292613,WMC292613,TRB,ASIRDSGANVLT,TRUE,TRUE,TRUE,patient_2
WMC292385,WMC292385,TRB,ASIRDSGANVLT,TRUE,TRUE,TRUE,patient_4
WMC294989,WMC294989,TRB,ASIRDSGANVLT,TRUE,TRUE,TRUE,patient_5
WMC295009,WMC295009,TRB,ASIRDSGANVLT,TRUE,TRUE,TRUE,patient_4
WMC294985,WMC294985,TRB,ASIRDSGANVLT,TRUE,TRUE,TRUE,patient_3
WMC295055,WMC295055,TRB,ASIRDSWANVLT,TRUE,TRUE,TRUE,patient_2
W688661,W688661,TRB,ASIRDTVTDTQY,TRUE,TRUE,TRUE,patient_1
W691628,W691628,TRB,ASIRDTVTDTQY,TRUE,TRUE,TRUE,patient_3
W694032,W694032,TRB,ASIRDTVTDTQY,TRUE,TRUE,TRUE,patient_1
WMC693565,WMC693565,TRB,ASIRGSIVH,TRUE,TRUE,TRUE,patient_4
WMC693447,WMC693447,TRB,ASIRGSIVH,TRUE,TRUE,TRUE,patient_2
WMC693574,WMC693574,TRB,ASIRGSIVH,TRUE,TRUE,TRUE,patient_4
WMC693998,WMC693998,TRB,ASIRGSIVH,TRUE,TRUE,TRUE,patient_1
WMC694624,WMC694624,TRB,ASIRGSIVH,TRUE,TRUE,TRUE,patient_2
WMC694507,WMC694507,TRB,ASIRGSIVH,TRUE,TRUE,TRUE,patient_5
WMC695982,WMC695982,TRB,ASIRGSIVH,TRUE,TRUE,TRUE,patient_5
WMC696265,WMC696265,TRB,ASIRGSIVH,TRUE,TRUE,TRUE,patient_1
WMC696128,WMC696128,TRB,ASIRGSIVH,TRUE,TRUE,TRUE,patient_5
WMC696668,WMC696668,TRB,ASIRGSIVH,TRUE,TRUE,TRUE,patient_1
WMC696713,WMC696713,TRB,ASIRGSIVH,TRUE,TRUE,TRUE,patient_4
WMC696505,WMC696505,TRB,ASIRGSIVH,TRUE,TRUE,TRUE,patient_3
W693291,W693291,TRB,ASKAPPGTEAF,TRUE,TRUE,TRUE,patient_3
WMC0034899,WMC0034899,TRB,ASKEARLAGEQF,TRUE,TRUE,TRUE,patient_4
W695331,W695331,TRB,ASKETYGGNYGYT,TRUE,TRUE,TRUE,patient_3
W684683,W684683,TRB,ASKIGSLYNEQF,TRUE,TRUE,TRUE,patient_5
W689852,W689852,TRB,ASKLTSLNQETQY,TRUE,TRUE,TRUE,patient_5
W689572,W689572,TRB,ASKPDTGELF,TRUE,TRUE,TRUE,patient_2
W689403,W689403,TRB,ASKPDTGELF,TRUE,TRUE,TRUE,patient_4
W695225,W695225,TRB,ASKPTGAGEKLF,TRUE,TRUE,TRUE,patient_2
W840350,W840350,TRB,ASKRNTEAF,TRUE,TRUE,TRUE,patient_3
W840517,W840517,TRB,ASKRNTEAF,TRUE,TRUE,TRUE,patient_2
WMC696718,WMC696718,TRB,ASLENTGELF,TRUE,TRUE,TRUE,patient_1
WMC0035099,WMC0035099,TRB,ASLGLGADTQY,TRUE,TRUE,TRUE,patient_1
WMC0035199,WMC0035199,TRB,ASLGLGADTQY,TRUE,TRUE,TRUE,patient_1
WMC0036125,WMC0036125,TRB,ASLGLGADTQY,TRUE,TRUE,TRUE,patient_4
WMC0036118,WMC0036118,TRB,ASLGLGADTQY,TRUE,TRUE,TRUE,patient_3
WMC0037952,WMC0037952,TRB,ASLGLGADTQY,TRUE,TRUE,TRUE,patient_5
WMC286572,WMC286572,TRB,ASLGQGHETQY,TRUE,TRUE,TRUE,patient_3
WMC289572,WMC289572,TRB,ASLGQGHETQY,TRUE,TRUE,TRUE,patient_1
WMC289734,WMC289734,TRB,ASLGQGHETQY,TRUE,TRUE,TRUE,patient_4
WMC291721,WMC291721,TRB,ASLGQGSYNEQF,TRUE,TRUE,TRUE,patient_5
WMC292676,WMC292676,TRB,ASLGQGSYNEQF,TRUE,TRUE,TRUE,patient_4
WMC287230,WMC287230,TRB,ASLPQGYNEQF,TRUE,TRUE,TRUE,patient_3
WMC287699,WMC287699,TRB,ASLPQGYNEQF,TRUE,TRUE,TRUE,patient_3
WMC287536,WMC287536,TRB,ASLPQGYNEQF,TRUE,TRUE,TRUE,patient_4
W683798,W683798,TRB,ASLRAYSNQPQH,TRUE,TRUE,TRUE,patient_5
WMC292358,WMC292358,TRB,ASLRDSRRATGYT,TRUE,TRUE,TRUE,patient_5
WMC292125,WMC292125,TRB,ASLRGTEAF,TRUE,TRUE,TRUE,patient_1
W839898,W839898,TRB,ASLTSEYTGELF,TRUE,TRUE,TRUE,patient_2
WMC0035663,WMC0035663,TRB,ASLVGTSTDTQY,TRUE,TRUE,TRUE,patient_1
WMC0034903,WMC0034903,TRB,ASLYSGGAYNEQF,TRUE,TRUE,TRUE,patient_4
WMC0035149,WMC0035149,TRB,ASLYSGGAYNEQF,TRUE,TRUE,TRUE,patient_1
WMC0035657,WMC0035657,TRB,ASMEGPDTQY,TRUE,TRUE,TRUE,patient_5
W688615,W688615,TRB,ASMESSGNTIY,TRUE,TRUE,TRUE,patient_4
W694007,W694007,TRB,ASMESSGNTIY,TRUE,TRUE,TRUE,patient_5
W686153,W686153,TRB,ASMFQGTPQPQH,TRUE,TRUE,TRUE,patient_3
WMC289927,WMC289927,TRB,ASMQGPGQPQH,TRUE,TRUE,TRUE,patient_5
WMC0034902,WMC0034902,TRB,ASNGRGATDTQY,TRUE,TRUE,TRUE,patient_4
W687918,W687918,TRB,ASNLAGNTGELF,TRUE,TRUE,TRUE,patient_5
W843292,W843292,TRB,ASNLPGAGELF,TRUE,TRUE,TRUE,patient_2
W689655,W689655,TRB,ASNPPQGATDTQY,TRUE,TRUE,TRUE,patient_1
WMC0035406,WMC0035406,TRB,ASNPTGILLNEKLF,TRUE,TRUE,TRUE,patient_2
W694090,W694090,TRB,ASNQGSNTGELF,TRUE,TRUE,TRUE,patient_4
W694036,W694036,TRB,ASNQGSNTGELF,TRUE,TRUE,TRUE,patient_2
W840558,W840558,TRB,ASNQRTPYNEQF,TRUE,TRUE,TRUE,patient_2
WMC0110223,WMC0110223,TRB,ASNSTRPLLLRAV,TRUE,TRUE,TRUE,patient_1
WMC290913,WMC290913,TRB,ASPLAGGNNEQF,TRUE,TRUE,TRUE,patient_3
W688739,W688739,TRB,ASPPGQGPAPDTQY,TRUE,TRUE,TRUE,patient_1
W840267,W840267,TRB,ASPTSTGELF,TRUE,TRUE,TRUE,patient_5
W842353,W842353,TRB,ASPTSTGELF,TRUE,TRUE,TRUE,patient_1
WMC0037846,WMC0037846,TRB,ASQDTTYEQY,TRUE,TRUE,TRUE,patient_4
WMC0035466,WMC0035466,TRB,ASQRQGLSDGYT,TRUE,TRUE,TRUE,patient_5
WMC0035458,WMC0035458,TRB,ASQTRTGLRSQY,TRUE,TRUE,TRUE,patient_1
WMC135385,WMC135385,TRB,ASRADLGPQH,TRUE,TRUE,TRUE,patient_2
W694017,W694017,TRB,ASRAEYYEQY,TRUE,TRUE,TRUE,patient_4
W695215,W695215,TRB,ASRAEYYEQY,TRUE,TRUE,TRUE,patient_4
WMC0035268,WMC0035268,TRB,ASRAGELF,TRUE,TRUE,TRUE,patient_3
WMC0035798,WMC0035798,TRB,ASRAGELF,TRUE,TRUE,TRUE,patient_5
WMC0035549,WMC0035549,TRB,ASRAGELF,TRUE,TRUE,TRUE,patient_2
W693121,W693121,TRB,ASRAGQGDTEAF,TRUE,TRUE,TRUE,patient_3
W844679,W844679,TRB,ASRAGTENTEAF,TRUE,TRUE,TRUE,patient_2
W692824,W692824,TRB,ASRASGGTDTQY,TRUE,TRUE,TRUE,patient_4
WMC250267,WMC250267,TRB,ASRASGTSGTDTQY,TRUE,TRUE,TRUE,patient_3
W843507,W843507,TRB,ASRDEKLF,TRUE,TRUE,TRUE,patient_1
W695274,W695274,TRB,ASRDGGGVGANVLT,TRUE,TRUE,TRUE,patient_4
W688237,W688237,TRB,ASRDGGSTYNEQF,TRUE,TRUE,TRUE,patient_2
W703371,W703371,TRB,ASRDGTVPSGANVLT,TRUE,TRUE,TRUE,patient_4
W703343,W703343,TRB,ASRDGTVPSGANVLT,TRUE,TRUE,TRUE,patient_3
W840013,W840013,TRB,ASRDLLRGRNEQF,TRUE,TRUE,TRUE,patient_4
WMC0035423,WMC0035423,TRB,ASRDRVFEKLF,TRUE,TRUE,TRUE,patient_4
W840461,W840461,TRB,ASREGQGKEQF,TRUE,TRUE,TRUE,patient_2
WMC0034953,WMC0034953,TRB,ASREGRGQTRMFSYGYT,TRUE,TRUE,TRUE,patient_2
W842270,W842270,TRB,ASRERILAKNIQY,TRUE,TRUE,TRUE,patient_3
W845158,W845158,TRB,ASRETVIDSPLH,TRUE,TRUE,TRUE,patient_5
WMC0106884,WMC0106884,TRB,ASRGDRSLFYGYT,TRUE,TRUE,TRUE,patient_2
WMC0035502,WMC0035502,TRB,ASRGGVLT,TRUE,TRUE,TRUE,patient_2
WMC291278,WMC291278,TRB,ASRGQGLMNTEAF,TRUE,TRUE,TRUE,patient_1
WMC0106908,WMC0106908,TRB,ASRGQGLSNQPQH,TRUE,TRUE,TRUE,patient_3
WMC135006,WMC135006,TRB,ASRGTGNSYEQY,TRUE,TRUE,TRUE,patient_3
W689377,W689377,TRB,ASRGTRFYNEQF,TRUE,TRUE,TRUE,patient_4
W686382,W686382,TRB,ASRGVIETQY,TRUE,TRUE,TRUE,patient_5
W842317,W842317,TRB,ASRHGGWGENTEAF,TRUE,TRUE,TRUE,patient_3
W694120,W694120,TRB,ASRIDVTSGNTIY,TRUE,TRUE,TRUE,patient_1
WMC693354,WMC693354,TRB,ASRIRSGLPNNEQF,TRUE,TRUE,TRUE,patient_2
WMC694762,WMC694762,TRB,ASRIRSGLPNNEQF,TRUE,TRUE,TRUE,patient_5
WMC696096,WMC696096,TRB,ASRIRSGLPNNEQF,TRUE,TRUE,TRUE,patient_5
WMC696688,WMC696688,TRB,ASRIRSGLPNNEQF,TRUE,TRUE,TRUE,patient_5
W703288,W703288,TRB,ASRLAGDNEQF,TRUE,TRUE,TRUE,patient_5
W844036,W844036,TRB,ASRLDYHTGELF,TRUE,TRUE,TRUE,patient_4
W843741,W843741,TRB,ASRLGQGSDTQY,TRUE,TRUE,TRUE,patient_3
W843919,W843919,TRB,ASRLGQGSDTQY,TRUE,TRUE,TRUE,patient_1
W843983,W843983,TRB,ASRLGQGSDTQY,TRUE,TRUE,TRUE,patient_4
W691997,W691997,TRB,ASRLPTGGNTEAF,TRUE,TRUE,TRUE,patient_1
W692317,W692317,TRB,ASRLPTGGNTEAF,TRUE,TRUE,TRUE,patient_3
W695357,W695357,TRB,ASRLPVAESSS,TRUE,TRUE,TRUE,patient_5
WMC289878,WMC289878,TRB,ASRLSGGNEQF,TRUE,TRUE,TRUE,patient_5
W688994,W688994,TRB,ASRLSGQGNQPQH,TRUE,TRUE,TRUE,patient_4
WMC291372,WMC291372,TRB,ASRNVRTDTQY,TRUE,TRUE,TRUE,patient_1
WMC291318,WMC291318,TRB,ASRNVRTDTQY,TRUE,TRUE,TRUE,patient_3
WMC291234,WMC291234,TRB,ASRNVRTDTQY,TRUE,TRUE,TRUE,patient_5
WMC291358,WMC291358,TRB,ASRNVRTDTQY,TRUE,TRUE,TRUE,patient_4
WMC292148,WMC292148,TRB,ASRNVRTDTQY,TRUE,TRUE,TRUE,patient_2
W689406,W689406,TRB,ASRPDSSSYEQY,TRUE,TRUE,TRUE,patient_1
WMC626603,WMC626603,TRB,ASRPEPAWGETQY,TRUE,TRUE,TRUE,patient_1
WMC292038,WMC292038,TRB,ASRPGLVGNEQF,TRUE,TRUE,TRUE,patient_5
WMC328620,WMC328620,TRB,ASRPGQGRGNTEAF,TRUE,TRUE,TRUE,patient_2
WMC626508,WMC626508,TRB,ASRPGTGGSGAEAF,TRUE,TRUE,TRUE,patient_5
WMC0108455,WMC0108455,TRB,ASRPGTGPLNSPLH,TRUE,TRUE,TRUE,patient_3
WMC696006,WMC696006,TRB,ASRPLLGNQPQH,TRUE,TRUE,TRUE,patient_3
WMC250641,WMC250641,TRB,ASRPLLGPFPDTQY,TRUE,TRUE,TRUE,patient_5
W695378,W695378,TRB,ASRPLWHNTGELF,TRUE,TRUE,TRUE,patient_1
WMC627815,WMC627815,TRB,ASRPRGLAGGGTDTQY,TRUE,TRUE,TRUE,patient_5
W686868,W686868,TRB,ASRPSQDSGYT,TRUE,TRUE,TRUE,patient_2
W544726,W544726,TRB,ASRQGGEKLF,TRUE,TRUE,TRUE,patient_3
WMC291390,WMC291390,TRB,ASRQGGTGELF,TRUE,TRUE,TRUE,patient_2
W691878,W691878,TRB,ASRQGPSNYGYT,TRUE,TRUE,TRUE,patient_1
W688193,W688193,TRB,ASRQGQNYGYT,TRUE,TRUE,TRUE,patient_4
W686096,W686096,TRB,ASRRGNQPQH,TRUE,TRUE,TRUE,patient_1
W840098,W840098,TRB,ASRRRDSDYNEQF,TRUE,TRUE,TRUE,patient_4
W839868,W839868,TRB,ASRRRDSDYNEQF,TRUE,TRUE,TRUE,patient_3
WMC289549,WMC289549,TRB,ASRRRTAVEKLF,TRUE,TRUE,TRUE,patient_1
WMC0038607,WMC0038607,TRB,ASRSGTEIYGYT,TRUE,TRUE,TRUE,patient_5
W692505,W692505,TRB,ASRSLKGNQPQH,TRUE,TRUE,TRUE,patient_3
W692649,W692649,TRB,ASRSLKGNQPQH,TRUE,TRUE,TRUE,patient_1
W844927,W844927,TRB,ASRSTPSEPSYEQY,TRUE,TRUE,TRUE,patient_5
WMC220849,WMC220849,TRB,ASRTDYTGELF,TRUE,TRUE,TRUE,patient_5
WMC0034698,WMC0034698,TRB,ASRTGGLTNEKLF,TRUE,TRUE,TRUE,patient_4
W692807,W692807,TRB,ASRTGLAGIGELF,TRUE,TRUE,TRUE,patient_2
WMC221609,WMC221609,TRB,ASRTGSGTGELF,TRUE,TRUE,TRUE,patient_5
WMC219782,WMC219782,TRB,ASRTTSRGEQY,TRUE,TRUE,TRUE,patient_5
WMC219777,WMC219777,TRB,ASRTTSRGEQY,TRUE,TRUE,TRUE,patient_5
WMC219559,WMC219559,TRB,ASRTTSRGEQY,TRUE,TRUE,TRUE,patient_1
WMC219770,WMC219770,TRB,ASRTTSRGEQY,TRUE,TRUE,TRUE,patient_5
WMC219892,WMC219892,TRB,ASRTTSRGEQY,TRUE,TRUE,TRUE,patient_3
WMC220425,WMC220425,TRB,ASRTTSRGEQY,TRUE,TRUE,TRUE,patient_1
W840220,W840220,TRB,ASRTVYGYT,TRUE,TRUE,TRUE,patient_1
W840542,W840542,TRB,ASRTVYGYT,TRUE,TRUE,TRUE,patient_1
W840548,W840548,TRB,ASRTVYGYT,TRUE,TRUE,TRUE,patient_5
W840529,W840529,TRB,ASRTVYGYT,TRUE,TRUE,TRUE,patient_4
WMC627975,WMC627975,TRB,ASRVIQGGPQH,TRUE,TRUE,TRUE,patient_5
W843431,W843431,TRB,ASRVRDWGTDTQY,TRUE,TRUE,TRUE,patient_2
W843387,W843387,TRB,ASRVRDWGTDTQY,TRUE,TRUE,TRUE,patient_5
W692993,W692993,TRB,ASRVSTGGAGGDNEQF,TRUE,TRUE,TRUE,patient_5
W703840,W703840,TRB,ASRWGGDLEAF,TRUE,TRUE,TRUE,patient_4
W693341,W693341,TRB,ASSAASGRNTEAF,TRUE,TRUE,TRUE,patient_4
W687788,W687788,TRB,ASSAFILQGYGYT,TRUE,TRUE,TRUE,patient_5
WMC624545,WMC624545,TRB,ASSAGLRRINEQF,TRUE,TRUE,TRUE,patient_3
WMC222058,WMC222058,TRB,ASSAGQGNSPLH,TRUE,TRUE,TRUE,patient_5
WMC221976,WMC221976,TRB,ASSAGQGNSPLH,TRUE,TRUE,TRUE,patient_3
WMC222003,WMC222003,TRB,ASSAGQGNSPLH,TRUE,TRUE,TRUE,patient_3
W684200,W684200,TRB,ASSAGQGSYEQY,TRUE,TRUE,TRUE,patient_5
WMC0035799,WMC0035799,TRB,ASSAGTGGLNQPQH,TRUE,TRUE,TRUE,patient_4
WMC291565,WMC291565,TRB,ASSAGTSGSAGF,TRUE,TRUE,TRUE,patient_1
WMC291635,WMC291635,TRB,ASSAGTSGSAGF,TRUE,TRUE,TRUE,patient_1
W703350,W703350,TRB,ASSAGYYGYT,TRUE,TRUE,TRUE,patient_3
WMC287638,WMC287638,TRB,ASSALAGGTGELF,TRUE,TRUE,TRUE,patient_3
W840483,W840483,TRB,ASSAMTGINEKLF,TRUE,TRUE,TRUE,patient_5
W840471,W840471,TRB,ASSAMTGINEKLF,TRUE,TRUE,TRUE,patient_5
W842323,W842323,TRB,ASSAMTGINEKLF,TRUE,TRUE,TRUE,patient_2
WMC219493,WMC219493,TRB,ASSANRDLYGYT,TRUE,TRUE,TRUE,patient_4
WMC220147,WMC220147,TRB,ASSANRDLYGYT,TRUE,TRUE,TRUE,patient_5
W839917,W839917,TRB,ASSAPAGPLSNTGELF,TRUE,TRUE,TRUE,patient_4
WMC0037820,WMC0037820,TRB,ASSAPKASGVPEQF,TRUE,TRUE,TRUE,patient_4
WMC0037916,WMC0037916,TRB,ASSAPKASGVPEQF,TRUE,TRUE,TRUE,patient_1
W689006,W689006,TRB,ASSAPSGELF,TRUE,TRUE,TRUE,patient_4
WMC623419,WMC623419,TRB,ASSAPVGFSYEQY,TRUE,TRUE,TRUE,patient_2
W695259,W695259,TRB,ASSARSTGELF,TRUE,TRUE,TRUE,patient_3
W837535,W837535,TRB,ASSARTGPGYEQY,TRUE,TRUE,TRUE,patient_2
W688761,W688761,TRB,ASSARTSGYQETQY,TRUE,TRUE,TRUE,patient_2
W702777,W702777,TRB,ASSASAHQETQY,TRUE,TRUE,TRUE,patient_4
W840224,W840224,TRB,ASSASGKQDTQY,TRUE,TRUE,TRUE,patient_3
WMC219863,WMC219863,TRB,ASSASGSLGKTQY,TRUE,TRUE,TRUE,patient_1
W686221,W686221,TRB,ASSATGGVTGELF,TRUE,TRUE,TRUE,patient_2
W684315,W684315,TRB,ASSATGGVTGGLF,TRUE,TRUE,TRUE,patient_4
W686528,W686528,TRB,ASSATGGVTRGLF,TRUE,TRUE,TRUE,patient_4
W840251,W840251,TRB,ASSATGLGEQY,TRUE,TRUE,TRUE,patient_1
W842191,W842191,TRB,ASSATGTGFGYT,TRUE,TRUE,TRUE,patient_1
W684152,W684152,TRB,ASSATGTPRANTGELF,TRUE,TRUE,TRUE,patient_5
WMC292280,WMC292280,TRB,ASSATGTSWVEQF,TRUE,TRUE,TRUE,patient_2
W694733,W694733,TRB,ASSATITDYGANVLT,TRUE,TRUE,TRUE,patient_4
WMC0035545,WMC0035545,TRB,ASSATRNTIY,TRUE,TRUE,TRUE,patient_5
WMC0037811,WMC0037811,TRB,ASSATRNTIY,TRUE,TRUE,TRUE,patient_2
WMC0037856,WMC0037856,TRB,ASSATRNTIY,TRUE,TRUE,TRUE,patient_1
WMC0038125,WMC0038125,TRB,ASSATRNTIY,TRUE,TRUE,TRUE,patient_3
W688130,W688130,TRB,ASSAWDGQPQH,TRUE,TRUE,TRUE,patient_5
WMC287168,WMC287168,TRB,ASSAWDNSYEQY,TRUE,TRUE,TRUE,patient_2
WMC289531,WMC289531,TRB,ASSAWDNSYEQY,TRUE,TRUE,TRUE,patient_2
WMC290448,WMC290448,TRB,ASSAWDNSYEQY,TRUE,TRUE,TRUE,patient_4
W843817,W843817,TRB,ASSAYGKAGKSSYNEQF,TRUE,TRUE,TRUE,patient_5
W843966,W843966,TRB,ASSAYGKAGKSSYNEQF,TRUE,TRUE,TRUE,patient_3
W843846,W843846,TRB,ASSAYGKAGKSSYNEQF,TRUE,TRUE,TRUE,patient_3
W844001,W844001,TRB,ASSAYGKAGKSSYNEQF,TRUE,TRUE,TRUE,patient_1
W843735,W843735,TRB,ASSAYGKAGKSSYNEQF,TRUE,TRUE,TRUE,patient_5
W843788,W843788,TRB,ASSAYGKAGKSSYNEQF,TRUE,TRUE,TRUE,patient_2
W844498,W844498,TRB,ASSAYGKAGKSSYNEQF,TRUE,TRUE,TRUE,patient_4
W844684,W844684,TRB,ASSAYGKAGKSSYNEQF,TRUE,TRUE,TRUE,patient_4
W844898,W844898,TRB,ASSAYGKAGKSSYNEQF,TRUE,TRUE,TRUE,patient_1
W694412,W694412,TRB,ASSAYRGSLEAF,TRUE,TRUE,TRUE,patient_5
W694655,W694655,TRB,ASSAYRGSLEAF,TRUE,TRUE,TRUE,patient_3
WMC0038606,WMC0038606,TRB,ASSDADRATGNTIY,TRUE,TRUE,TRUE,patient_5
WMC220662,WMC220662,TRB,ASSDGGGSNEQF,TRUE,TRUE,TRUE,patient_3
W683921,W683921,TRB,ASSDGIDEQY,TRUE,TRUE,TRUE,patient_2
WMC220829,WMC220829,TRB,ASSDGTSGASDTQY,TRUE,TRUE,TRUE,patient_3
WMC220884,WMC220884,TRB,ASSDGTSGASDTQY,TRUE,TRUE,TRUE,patient_4
WMC222033,WMC222033,TRB,ASSDGTSGASDTQY,TRUE,TRUE,TRUE,patient_4
WMC221890,WMC221890,TRB,ASSDGTSGASDTQY,TRUE,TRUE,TRUE,patient_3
WMC222109,WMC222109,TRB,ASSDGTSGASDTQY,TRUE,TRUE,TRUE,patient_3
W693380,W693380,TRB,ASSDHAGTVYNEQF,TRUE,TRUE,TRUE,patient_4
WMC0109953,WMC0109953,TRB,ASSDNTLKNIQY,TRUE,TRUE,TRUE,patient_3
W840214,W840214,TRB,ASSDPEDWDRGTLQETQY,TRUE,TRUE,TRUE,patient_4
W843530,W843530,TRB,ASSDPRAGELF,TRUE,TRUE,TRUE,patient_1
WMC292348,WMC292348,TRB,ASSDRAYEQY,TRUE,TRUE,TRUE,patient_5
W842216,W842216,TRB,ASSDRPRRIEIRGYGYT,TRUE,TRUE,TRUE,patient_3
W691710,W691710,TRB,ASSDRSGLQGEKLF,TRUE,TRUE,TRUE,patient_1
W695270,W695270,TRB,ASSDTSAGYEQY,TRUE,TRUE,TRUE,patient_5
W702942,W702942,TRB,ASSDTSSYNEQF,TRUE,TRUE,TRUE,patient_3
W844135,W844135,TRB,ASSEAGRGGLYTDTQY,TRUE,TRUE,TRUE,patient_5
WMC287693,WMC287693,TRB,ASSEAGSGEKLF,TRUE,TRUE,TRUE,patient_1
W692644,W692644,TRB,ASSEAGTGDGGELF,TRUE,TRUE,TRUE,patient_5
WMC0035711,WMC0035711,TRB,ASSEAQLMGYT,TRUE,TRUE,TRUE,patient_4
WMC0038042,WMC0038042,TRB,ASSEAQLMGYT,TRUE,TRUE,TRUE,patient_4
WMC0035680,WMC0035680,TRB,ASSEARLAGELF,TRUE,TRUE,TRUE,patient_5
WMC0035053,WMC0035053,TRB,ASSEARLKMFAF,TRUE,TRUE,TRUE,patient_3
WMC0035568,WMC0035568,TRB,ASSEARLKMFAF,TRUE,TRUE,TRUE,patient_5
WMC0035664,WMC0035664,TRB,ASSEARLKMFAF,TRUE,TRUE,TRUE,patient_2
WMC0035995,WMC0035995,TRB,ASSEARLKMFAF,TRUE,TRUE,TRUE,patient_1
WMC0036149,WMC0036149,TRB,ASSEARLKMFAF,TRUE,TRUE,TRUE,patient_2
WMC627832,WMC627832,TRB,ASSEARRNTIY,TRUE,TRUE,TRUE,patient_4
WMC0107323,WMC0107323,TRB,ASSEATNREQQF,TRUE,TRUE,TRUE,patient_2
W693281,W693281,TRB,ASSEDLGGGNTIY,TRUE,TRUE,TRUE,patient_5
W691948,W691948,TRB,ASSEDRVDNEQF,TRUE,TRUE,TRUE,patient_4
W692086,W692086,TRB,ASSEEATVNEQF,TRUE,TRUE,TRUE,patient_2
W693402,W693402,TRB,ASSEEDSSDTQY,TRUE,TRUE,TRUE,patient_3
W702845,W702845,TRB,ASSEEGQPNTEAF,TRUE,TRUE,TRUE,patient_3
W693085,W693085,TRB,ASSEEMPPRADTQY,TRUE,TRUE,TRUE,patient_4
W693126,W693126,TRB,ASSEFEAPYEQY,TRUE,TRUE,TRUE,patient_3
W686417,W686417,TRB,ASSEFTGVTDTQY,TRUE,TRUE,TRUE,patient_1
W694458,W694458,TRB,ASSEFVGEKLF,TRUE,TRUE,TRUE,patient_4
WMC287431,WMC287431,TRB,ASSEGAGMRNTEAF,TRUE,TRUE,TRUE,patient_2
WMC221935,WMC221935,TRB,ASSEGDIAPGTQY,TRUE,TRUE,TRUE,patient_4
WMC623699,WMC623699,TRB,ASSEGETQY,TRUE,TRUE,TRUE,patient_2
WMC623667,WMC623667,TRB,ASSEGETQY,TRUE,TRUE,TRUE,patient_5
WMC624256,WMC624256,TRB,ASSEGETQY,TRUE,TRUE,TRUE,patient_5
WMC624564,WMC624564,TRB,ASSEGETQY,TRUE,TRUE,TRUE,patient_3
WMC624857,WMC624857,TRB,ASSEGETQY,TRUE,TRUE,TRUE,patient_1
WMC626151,WMC626151,TRB,ASSEGETQY,TRUE,TRUE,TRUE,patient_3
WMC626386,WMC626386,TRB,ASSEGETQY,TRUE,TRUE,TRUE,patient_3
WMC626789,WMC626789,TRB,ASSEGETQY,TRUE,TRUE,TRUE,patient_5
WMC626821,WMC626821,TRB,ASSEGETQY,TRUE,TRUE,TRUE,patient_2
WMC626828,WMC626828,TRB,ASSEGETQY,TRUE,TRUE,TRUE,patient_4
WMC627625,WMC627625,TRB,ASSEGETQY,TRUE,TRUE,TRUE,patient_5
W691672,W691672,TRB,ASSEGGENTEAF,TRUE,TRUE,TRUE,patient_3
WMC330149,WMC330149,TRB,ASSEGGGVFDQPQH,TRUE,TRUE,TRUE,patient_4
W695184,W695184,TRB,ASSEGGKPQH,TRUE,TRUE,TRUE,patient_1
W840572,W840572,TRB,ASSEGGLADDNEQF,TRUE,TRUE,TRUE,patient_5
WMC0034702,WMC0034702,TRB,ASSEGLDQPQH,TRUE,TRUE,TRUE,patient_3
W689481,W689481,TRB,ASSEGPTGANVLT,TRUE,TRUE,TRUE,patient_2
W690017,W690017,TRB,ASSEGRVGNANTGELF,TRUE,TRUE,TRUE,patient_3
WMC694204,WMC694204,TRB,ASSEGSTEAF,TRUE,TRUE,TRUE,patient_5
WMC693583,WMC693583,TRB,ASSEGTSYEQY,TRUE,TRUE,TRUE,patient_3
WMC693643,WMC693643,TRB,ASSEGTSYEQY,TRUE,TRUE,TRUE,patient_4
WMC695974,WMC695974,TRB,ASSEGTSYEQY,TRUE,TRUE,TRUE,patient_2
WMC696288,WMC696288,TRB,ASSEGTSYEQY,TRUE,TRUE,TRUE,patient_5
WMC696270,WMC696270,TRB,ASSEGTSYEQY,TRUE,TRUE,TRUE,patient_2
WMC696692,WMC696692,TRB,ASSEGTSYEQY,TRUE,TRUE,TRUE,patient_2
WMC696706,WMC696706,TRB,ASSEGTSYEQY,TRUE,TRUE,TRUE,patient_2
WMC221385,WMC221385,TRB,ASSEHTGQNNSPLH,TRUE,TRUE,TRUE,patient_5
W703801,W703801,TRB,ASSELELWTGELF,TRUE,TRUE,TRUE,patient_3
WMC0035693,WMC0035693,TRB,ASSELGSRVYGYT,TRUE,TRUE,TRUE,patient_1
W694284,W694284,TRB,ASSEMSNEQF,TRUE,TRUE,TRUE,patient_5
WMC0036160,WMC0036160,TRB,ASSENYHSPLH,TRUE,TRUE,TRUE,patient_2
WMC0036105,WMC0036105,TRB,ASSENYRDSYGYT,TRUE,TRUE,TRUE,patient_5
W689195,W689195,TRB,ASSEPGLAGGSYNEQF,TRUE,TRUE,TRUE,patient_1
W844058,W844058,TRB,ASSEQGRLNEKLF,TRUE,TRUE,TRUE,patient_2
