barcode,group_ID,cluster_number
W688674,AAGPTENIQY,SARTGQHTQY
W689088,AAGPTENIQY,SARTGQHTQY
WMC624739,AAGTGLVNNEQF,AAGTGLVNNEQF
WMC624858,AAGTGLVNNEQF,AAGTGLVNNEQF
WMC0035325,ACGRDSGNTIY,ACGRDSGNTIY
WMC0035186,ACGRDSGNTIY,ACGRDSGNTIY
W840569,ACRWQGVRDEQF,AAGTGLVNNEQF
W842195,ACRWQGVRDEQF,AAGTGLVNNEQF
W842496,ACRWQGVRDEQF,AAGTGLVNNEQF
W842369,ACRWQGVRDEQF,AAGTGLVNNEQF
WMC289748,AGDEQY,WGSTLKLS
WMC290030,AGDEQY,WGSTLKLS
WMC0035049,AGGGGFAGGPF,ATRGGNQPQH
W840042,AGGLDLWNEQF,AGGLDLWNEQF
W686813,AIMGSETSTDTQY,SARRSDLPTDTQY
WMC626388,AIRGQGRSNYGYT,AWSGGGVSYGYT
W689059,AISAGGLAVQETQY,ATSTTSTPNSYEQY
W689565,AISAQDRGSGPST,ATSRDRGGRTEAF
W703125,AISASGRFYNEQF,ASSLSVGTYNEQF
W843521,AISDEGLDTEAF,WGSTLKLS
W692322,AISDLRYTGELF,ASNLAGNTGELF
W692251,AISDPGTGVKYEQY,AWSAPWTGANTEAF
WMC693667,AISDPGVGYGYT,AISDPGVGYGYT
WMC696573,AISDPGVGYGYT,AISDPGVGYGYT
WMC0035629,AISDPPYEQY,AISDPPYEQY
WMC0035921,AISDPPYEQY,AISDPPYEQY
WMC0036082,AISDPPYEQY,AISDPPYEQY
WMC0037767,AISDPPYEQY,AISDPPYEQY
WMC0035532,AISDRGQSYEQY,ASSLRGPSYEQY
WMC0035812,AISDRGQSYEQY,ASSLRGPSYEQY
WMC0036150,AISDRGQSYEQY,ASSLRGPSYEQY
WMC0038064,AISDRGQSYEQY,ASSLRGPSYEQY
WMC0038063,AISDRGQSYEQY,ASSLRGPSYEQY
WMC0037903,AISDRGQSYEQY,ASSLRGPSYEQY
WMC0038676,AISDRGQSYEQY,ASSLRGPSYEQY
WMC0038573,AISDRGQSYEQY,ASSLRGPSYEQY
W686262,AISDRQLQETQY,AWSYRDRDYEQY
W692523,AISEGGPGLSDTIY,STSRSGGMLSSYNEQF
W693100,AISEGGPGLSDTIY,STSRSGGMLSSYNEQF
WMC0038608,AISEKRPRNEKLF,ATSRDRGGRTEAF
W683957,AISELQGEAF,ATSRDRGGRTEAF
W695176,AISEPNTRDRTQSAPA,AISDPPYEQY
W684255,AISESASGGETQY,ASSYSALTTDTQY
W686648,AISESASGGETQY,ASSYSALTTDTQY
W688613,AISESKADTQY,ASSPQGTDEQY
WMC286758,AISESKWPREQY,ATSRDRDYTEAF
WMC287522,AISESKWPREQY,ATSRDRDYTEAF
WMC289584,AISESKWPREQY,ATSRDRDYTEAF
WMC291204,AISESKWPREQY,ATSRDRDYTEAF
W702955,AISESTSGRESTYNEQF,ATSRDRDYTEAF
W702816,AISESTSGRESTYNEQF,ATSRDRDYTEAF
W703164,AISESTSGRESTYNEQF,ATSRDRDYTEAF
W703433,AISESTSGRESTYNEQF,ATSRDRDYTEAF
W703165,AISESTSGRESTYNEQF,ATSRDRDYTEAF
W703177,AISESTSGRESTYNEQF,ATSRDRDYTEAF
W703259,AISESTSGRESTYNEQF,ATSRDRDYTEAF
W703381,AISESTSGRESTYNEQF,ATSRDRDYTEAF
W703712,AISESTSGRESTYNEQF,ATSRDRDYTEAF
W703884,AISESTSGRESTYNEQF,ATSRDRDYTEAF
W703853,AISESTSGRESTYNEQF,ATSRDRDYTEAF
W703722,AISESTSGRESTYNEQF,ATSRDRDYTEAF
W703626,AISESTSGRESTYNEQF,ATSRDRDYTEAF
WMC627688,AISFGLAGSYEQY,ATSRDRGGRTEAF
W683805,AISGLAVYNEQF,ATSRDRDYTEAF
W684459,AISLRERQETQY,AWSYRDRDYEQY
W683954,AISPPGGGGANVLT,AISPPGGGGANVLT
W840150,AISQGNRGSRNEQF,AWSAPWTGANTEAF
W842300,AISSHVRDSLHNSPLH,ASSFDRGSLSNQPQH
W692445,AISSVRSNYGYT,AISDPGVGYGYT
W692580,AITKQVADEQY,AGGLDLWNEQF
W692413,AITKQVADEQY,AGGLDLWNEQF
W694326,AITKQVADEQY,AGGLDLWNEQF
WMC0034763,ALSGTSGGEEFLETQY,ALSGTSGGEEFLETQY
WMC0034916,ALSGTSGGEEFLETQY,ALSGTSGGEEFLETQY
W684586,ANELPGTSGEQF,ATREGYRPGELF
W684510,ANELPGTSGEQF,ATREGYRPGELF
W684546,ANELPGTSGEQF,ATREGYRPGELF
W688054,ANELPGTSGEQF,ATREGYRPGELF
W687900,ANELPGTSGEQF,ATREGYRPGELF
W692723,ANNQRRRDIQY,SAFGGAGDEQY
WMC0038039,ANPLAGEEQY,SAWTGGNEQY
W688836,APHGRVSTDTQY,ASNGRGATDTQY
W692446,ARARGMGGTEAF,ATREGYRPGELF
W692735,ARARGMGGTEAF,ATREGYRPGELF
WMC331145,ARIATPAYNEQF,AAGTGLVNNEQF
WMC219999,ARKHDGGILRAV,ATGITGNTIY
WMC220532,ARKHDGGILRAV,ATGITGNTIY
W686114,ARPQGRFGTDTQY,ASGYRGEGTDTQY
WMC0035622,ARSGTGTIRAV,ARSGTGTIRAV
WMC0038650,ARSGTGTIRAV,ARSGTGTIRAV
W844388,ASAEGWTEAF,ASAEGWTEAF
WMC0035852,ASAGPRNEQF,ASKPDTGELF
WMC0035321,ASAQGTITGGYT,ASSLTGENYGYT
W842504,ASAQRDNEQF,ASAQRDNEQF
W842461,ASAQRDNEQF,ASAQRDNEQF
WMC0035484,ASARGRNTEAF,ASARGRNTEAF
W686674,ASASQVSYEQY,ASSPTDSYEQY
W688220,ASAVSDTEAF,ASAVSDTEAF
W839861,ASCPGLNTGELF,ASCPGLNTGELF
W688794,ASDGGNQPQH,ASDGGNQPQH
WMC287311,ASDKGTGRSETQY,ASSTTSGTQETQY
WMC287410,ASDKGTGRSETQY,ASSTTSGTQETQY
WMC287406,ASDKGTGRSETQY,ASSTTSGTQETQY
WMC289425,ASDKGTGRSETQY,ASSTTSGTQETQY
WMC289718,ASDKGTGRSETQY,ASSTTSGTQETQY
WMC289745,ASDKGTGRSETQY,ASSTTSGTQETQY
WMC290331,ASDKGTGRSETQY,ASSTTSGTQETQY
WMC290169,ASDKGTGRSETQY,ASSTTSGTQETQY
W687820,ASEMAGEGLGTDTQY,ASSLAIAGDGTDTQY
WMC286319,ASEWSYNEQF,ASKPDTGELF
WMC286514,ASEWSYNEQF,ASKPDTGELF
WMC287005,ASEWSYNEQF,ASKPDTGELF
WMC286780,ASEWSYNEQF,ASKPDTGELF
WMC287092,ASEWSYNEQF,ASKPDTGELF
W694770,ASFGGGETQY,ASFGGGETQY
WMC286630,ASFGQGEETQY,ASFGQGEETQY
WMC290881,ASFGQGEETQY,ASFGQGEETQY
W691605,ASFSPGEQF,SQGQGNEQF
W689038,ASGAGGEQY,SQGQGNEQF
W689157,ASGAGGEQY,SQGQGNEQF
WMC286919,ASGARISGANVLT,ASTPEGQGVYEQY
WMC286871,ASGARISGANVLT,ASTPEGQGVYEQY
WMC287309,ASGARISGANVLT,ASTPEGQGVYEQY
WMC287025,ASGARISGANVLT,ASTPEGQGVYEQY
WMC287625,ASGARISGANVLT,ASTPEGQGVYEQY
WMC287684,ASGARISGANVLT,ASTPEGQGVYEQY
WMC289907,ASGARISGANVLT,ASTPEGQGVYEQY
WMC330614,ASGDRANEQY,ASTGNNNEQF
WMC330618,ASGDRANEQY,ASTGNNNEQF
WMC694008,ASGEATGGGGWSDQPQH,ASSYSVGGKGNQPQH
WMC696272,ASGEATGGGGWSDQPQH,ASSYSVGGKGNQPQH
WMC696015,ASGEATGGGGWSDQPQH,ASSYSVGGKGNQPQH
WMC696431,ASGEATGGGGWSDQPQH,ASSYSVGGKGNQPQH
WMC696429,ASGEATGGGGWSDQPQH,ASSYSVGGKGNQPQH
W692878,ASGEGSYNEQF,ASIGTTYNEQF
W694279,ASGEGSYNEQF,ASIGTTYNEQF
WMC286653,ASGGAIYNEQF,ASIGTTYNEQF
WMC286722,ASGGAIYNEQF,ASIGTTYNEQF
WMC287630,ASGGAIYNEQF,ASIGTTYNEQF
WMC289988,ASGGAIYNEQF,ASIGTTYNEQF
WMC290156,ASGGAIYNEQF,ASIGTTYNEQF
WMC290417,ASGGAIYNEQF,ASIGTTYNEQF
WMC291069,ASGGAIYNEQF,ASIGTTYNEQF
W688865,ASGGKNFGDTQY,ASNGRGATDTQY
W688552,ASGGKNFGDTQY,ASNGRGATDTQY
W689193,ASGGKNFGDTQY,ASNGRGATDTQY
W688952,ASGGKNFGDTQY,ASNGRGATDTQY
W689732,ASGGKNFGDTQY,ASNGRGATDTQY
W689935,ASGGKNFGDTQY,ASNGRGATDTQY
W690054,ASGGKNFGDTQY,ASNGRGATDTQY
W689729,ASGGKNFGDTQY,ASNGRGATDTQY
W691859,ASGGKNFGDTQY,ASNGRGATDTQY
W692242,ASGGKNFGDTQY,ASNGRGATDTQY
W692958,ASGGKNFGDTQY,ASNGRGATDTQY
W695214,ASGGKNFGDTQY,ASNGRGATDTQY
WMC0036043,ASGGQGAF,ASFGQGEETQY
WMC0036097,ASGGQGAF,ASFGQGEETQY
WMC0038715,ASGGQGAF,ASFGQGEETQY
W689472,ASGLGHTEAF,ASTGNNNEQF
W689230,ASGLGYTEAF,ASTGNNNEQF
W689783,ASGLGYTEAF,ASTGNNNEQF
W692047,ASGLGYTEAF,ASTGNNNEQF
W692035,ASGLGYTEAF,ASTGNNNEQF
W692720,ASGLGYTEAF,ASTGNNNEQF
W694754,ASGLGYTEAF,ASTGNNNEQF
W689560,ASGLVQKGLRYGYT,ASSYAARRLNYGYT
W694426,ASGPDRAEKLF,ASFGQGEETQY
W694359,ASGPDRAEKLF,ASFGQGEETQY
WMC0038752,ASGQGCKDLRAV,SQGQGNEQF
W691803,ASGRVSYNEQF,SVRMWSYNEQF
WMC0110430,ASGSRGNEQF,ASTGNNNEQF
WMC0036047,ASGSRQGYEQY,ASIGTTYNEQF
W694868,ASGTGGSQETQY,SVAPPGQPYEQY
W689958,ASGTGYEQY,SQGQGNEQF
WMC287061,ASGTSGYEQY,ASKPDTGELF
W689261,ASGTSRYGYT,ASGTSRYGYT
W689086,ASGYRGEGTDTQY,ASGYRGEGTDTQY
W691940,ASHRDSSYNEQF,ASSVDSSYNEQF
W684174,ASIGGNTEAF,ASIGGNTEAF
WMC291793,ASIGTTYNEQF,ASIGTTYNEQF
W686740,ASILGGTGNTEAF,ASILGGTGNTEAF
W840030,ASILKIWGYYEQY,ASTPEGQGVYEQY
W686878,ASIPNGEATDTQY,ASGYRGEGTDTQY
WMC291414,ASIRDSGANVLT,ASIRDSGANVLT
WMC291317,ASIRDSGANVLT,ASIRDSGANVLT
WMC291508,ASIRDSGANVLT,ASIRDSGANVLT
WMC291436,ASIRDSGANVLT,ASIRDSGANVLT
WMC291593,ASIRDSGANVLT,ASIRDSGANVLT
WMC291247,ASIRDSGANVLT,ASIRDSGANVLT
WMC291511,ASIRDSGANVLT,ASIRDSGANVLT
WMC291726,ASIRDSGANVLT,ASIRDSGANVLT
WMC291673,ASIRDSGANVLT,ASIRDSGANVLT
WMC291679,ASIRDSGANVLT,ASIRDSGANVLT
WMC291967,ASIRDSGANVLT,ASIRDSGANVLT
WMC291702,ASIRDSGANVLT,ASIRDSGANVLT
WMC291952,ASIRDSGANVLT,ASIRDSGANVLT
WMC291625,ASIRDSGANVLT,ASIRDSGANVLT
WMC292088,ASIRDSGANVLT,ASIRDSGANVLT
WMC292241,ASIRDSGANVLT,ASIRDSGANVLT
WMC292255,ASIRDSGANVLT,ASIRDSGANVLT
WMC292323,ASIRDSGANVLT,ASIRDSGANVLT
WMC292334,ASIRDSGANVLT,ASIRDSGANVLT
WMC292251,ASIRDSGANVLT,ASIRDSGANVLT
WMC292028,ASIRDSGANVLT,ASIRDSGANVLT
WMC292277,ASIRDSGANVLT,ASIRDSGANVLT
WMC292474,ASIRDSGANVLT,ASIRDSGANVLT
WMC292613,ASIRDSGANVLT,ASIRDSGANVLT
WMC292385,ASIRDSGANVLT,ASIRDSGANVLT
WMC294989,ASIRDSGANVLT,ASIRDSGANVLT
WMC295009,ASIRDSGANVLT,ASIRDSGANVLT
WMC294985,ASIRDSGANVLT,ASIRDSGANVLT
WMC295055,ASIRDSWANVLT,ASIRDSGANVLT
W688661,ASIRDTVTDTQY,ASNGRGATDTQY
W691628,ASIRDTVTDTQY,ASNGRGATDTQY
W694032,ASIRDTVTDTQY,ASNGRGATDTQY
WMC693565,ASIRGSIVH,SARTGQHTQY
WMC693447,ASIRGSIVH,SARTGQHTQY
WMC693574,ASIRGSIVH,SARTGQHTQY
WMC693998,ASIRGSIVH,SARTGQHTQY
WMC694624,ASIRGSIVH,SARTGQHTQY
WMC694507,ASIRGSIVH,SARTGQHTQY
WMC695982,ASIRGSIVH,SARTGQHTQY
WMC696265,ASIRGSIVH,SARTGQHTQY
WMC696128,ASIRGSIVH,SARTGQHTQY
WMC696668,ASIRGSIVH,SARTGQHTQY
WMC696713,ASIRGSIVH,SARTGQHTQY
WMC696505,ASIRGSIVH,SARTGQHTQY
W693291,ASKAPPGTEAF,ASTEPNTGELF
WMC0034899,ASKEARLAGEQF,ASRPGLVGNEQF
W695331,ASKETYGGNYGYT,ASKETYGGNYGYT
W684683,ASKIGSLYNEQF,ASRPGLVGNEQF
W689852,ASKLTSLNQETQY,ASSTTSGTQETQY
W689572,ASKPDTGELF,ASKPDTGELF
W689403,ASKPDTGELF,ASKPDTGELF
W695225,ASKPTGAGEKLF,ASKPTGAGEKLF
W840350,ASKRNTEAF,SQGQGNEQF
W840517,ASKRNTEAF,SQGQGNEQF
WMC696718,ASLENTGELF,ASLENTGELF
WMC0035099,ASLGLGADTQY,ASSPQGTDEQY
WMC0035199,ASLGLGADTQY,ASSPQGTDEQY
WMC0036125,ASLGLGADTQY,ASSPQGTDEQY
WMC0036118,ASLGLGADTQY,ASSPQGTDEQY
WMC0037952,ASLGLGADTQY,ASSPQGTDEQY
WMC286572,ASLGQGHETQY,ASFGQGEETQY
WMC289572,ASLGQGHETQY,ASFGQGEETQY
WMC289734,ASLGQGHETQY,ASFGQGEETQY
WMC291721,ASLGQGSYNEQF,ASSVDSSYNEQF
WMC292676,ASLGQGSYNEQF,ASSVDSSYNEQF
WMC287230,ASLPQGYNEQF,ASSLQGYTEAF
WMC287699,ASLPQGYNEQF,ASSLQGYTEAF
WMC287536,ASLPQGYNEQF,ASSLQGYTEAF
W683798,ASLRAYSNQPQH,ASSIEGPGHPDEKLF
WMC292358,ASLRDSRRATGYT,ASSTQTGGGYGYT
WMC292125,ASLRGTEAF,ASSFYNEQF
W839898,ASLTSEYTGELF,ASNLAGNTGELF
WMC0035663,ASLVGTSTDTQY,ASTSVGSTDTQY
WMC0034903,ASLYSGGAYNEQF,ASSLSVGTYNEQF
WMC0035149,ASLYSGGAYNEQF,ASSLSVGTYNEQF
WMC0035657,ASMEGPDTQY,SARTGQHTQY
W688615,ASMESSGNTIY,ASKPDTGELF
W694007,ASMESSGNTIY,ASKPDTGELF
W686153,ASMFQGTPQPQH,ASRPLLGNQPQH
WMC289927,ASMQGPGQPQH,ASRPLLGNQPQH
WMC0034902,ASNGRGATDTQY,ASNGRGATDTQY
W687918,ASNLAGNTGELF,ASNLAGNTGELF
W843292,ASNLPGAGELF,ASTEPNTGELF
W689655,ASNPPQGATDTQY,SARRSDLPTDTQY
WMC0035406,ASNPTGILLNEKLF,ASRPGTGGSGAEAF
W694090,ASNQGSNTGELF,ASTLGQNTGELF
W694036,ASNQGSNTGELF,ASTLGQNTGELF
W840558,ASNQRTPYNEQF,ASRPGLVGNEQF
WMC0110223,ASNSTRPLLLRAV,ASRRGNQPQH
WMC290913,ASPLAGGNNEQF,ASSLGTGNTEAF
W688739,ASPPGQGPAPDTQY,ASPPGQGPAPDTQY
W840267,ASPTSTGELF,ASPTSTGELF
W842353,ASPTSTGELF,ASPTSTGELF
WMC0037846,ASQDTTYEQY,ASSPTNYEQY
WMC0035466,ASQRQGLSDGYT,ASSQDPPSSGNTIY
WMC0035458,ASQTRTGLRSQY,ASQTRTGLRSQY
WMC135385,ASRADLGPQH,ASRPLLGNQPQH
W694017,ASRAEYYEQY,ASTGNNNEQF
W695215,ASRAEYYEQY,ASTGNNNEQF
WMC0035268,ASRAGELF,SARDLEAF
WMC0035798,ASRAGELF,SARDLEAF
WMC0035549,ASRAGELF,SARDLEAF
W693121,ASRAGQGDTEAF,SVEEATGAYEQY
W844679,ASRAGTENTEAF,ASRPGLVGNEQF
W692824,ASRASGGTDTQY,ASRASGGTDTQY
WMC250267,ASRASGTSGTDTQY,ASTPVGGGPIETQY
W843507,ASRDEKLF,SARDLEAF
W695274,ASRDGGGVGANVLT,ASSQAGISGANVLT
W688237,ASRDGGSTYNEQF,ASTPEGQGVYEQY
W703371,ASRDGTVPSGANVLT,ASRPGTGGSGAEAF
W703343,ASRDGTVPSGANVLT,ASRPGTGGSGAEAF
W840013,ASRDLLRGRNEQF,SAREGSGGWNEQF
WMC0035423,ASRDRVFEKLF,SQGQGNEQF
W840461,ASREGQGKEQF,ASIGTTYNEQF
WMC0034953,ASREGRGQTRMFSYGYT,ASTPVGGGPIETQY
W842270,ASRERILAKNIQY,SAKNRGLAKNIQY
W845158,ASRETVIDSPLH,ASRPLLGNQPQH
WMC0106884,ASRGDRSLFYGYT,ASTQDYPSGNTIY
WMC0035502,ASRGGVLT,SARTGQHTQY
WMC291278,ASRGQGLMNTEAF,ASILGGTGNTEAF
WMC0106908,ASRGQGLSNQPQH,SARVQGSGNQPQH
WMC135006,ASRGTGNSYEQY,SVEEATGAYEQY
W689377,ASRGTRFYNEQF,ASRPGLVGNEQF
W686382,ASRGVIETQY,SARTGQHTQY
W842317,ASRHGGWGENTEAF,SQGQGNEQF
W694120,ASRIDVTSGNTIY,ASTQDYPSGNTIY
WMC693354,ASRIRSGLPNNEQF,ASTGNNNEQF
WMC694762,ASRIRSGLPNNEQF,ASTGNNNEQF
WMC696096,ASRIRSGLPNNEQF,ASTGNNNEQF
WMC696688,ASRIRSGLPNNEQF,ASTGNNNEQF
W703288,ASRLAGDNEQF,ASRRGNQPQH
W844036,ASRLDYHTGELF,ASNLAGNTGELF
W843741,ASRLGQGSDTQY,SVEEATGAYEQY
W843919,ASRLGQGSDTQY,SVEEATGAYEQY
W843983,ASRLGQGSDTQY,SVEEATGAYEQY
W691997,ASRLPTGGNTEAF,ASILGGTGNTEAF
W692317,ASRLPTGGNTEAF,ASILGGTGNTEAF
W695357,ASRLPVAESSS,ASRPLLGNQPQH
WMC289878,ASRLSGGNEQF,ASTEPNTGELF
W688994,ASRLSGQGNQPQH,SARVQGSGNQPQH
WMC291372,ASRNVRTDTQY,ASTGVTEAF
WMC291318,ASRNVRTDTQY,ASTGVTEAF
WMC291234,ASRNVRTDTQY,ASTGVTEAF
WMC291358,ASRNVRTDTQY,ASTGVTEAF
WMC292148,ASRNVRTDTQY,ASTGVTEAF
W689406,ASRPDSSSYEQY,SVAPPGQPYEQY
WMC626603,ASRPEPAWGETQY,SAKNRGLAKNIQY
WMC292038,ASRPGLVGNEQF,ASRPGLVGNEQF
WMC328620,ASRPGQGRGNTEAF,ASTLGQNTGELF
WMC626508,ASRPGTGGSGAEAF,ASRPGTGGSGAEAF
WMC0108455,ASRPGTGPLNSPLH,ASRPLLGNQPQH
WMC696006,ASRPLLGNQPQH,ASRPLLGNQPQH
WMC250641,ASRPLLGPFPDTQY,ASTPVGGGPIETQY
W695378,ASRPLWHNTGELF,SAREIGHHTGELF
WMC627815,ASRPRGLAGGGTDTQY,SAHPGLAGNLSTDTQY
W686868,ASRPSQDSGYT,ASTQDYPSGNTIY
W544726,ASRQGGEKLF,SQGQGNEQF
WMC291390,ASRQGGTGELF,ASTEPNTGELF
W691878,ASRQGPSNYGYT,ASSLTGENYGYT
W688193,ASRQGQNYGYT,ASTLGQNTGELF
W686096,ASRRGNQPQH,ASRRGNQPQH
W840098,ASRRRDSDYNEQF,SARKAAPSYNEQF
W839868,ASRRRDSDYNEQF,SARKAAPSYNEQF
WMC289549,ASRRRTAVEKLF,ASNGRGATDTQY
WMC0038607,ASRSGTEIYGYT,SQGQGNEQF
W692505,ASRSLKGNQPQH,ASRPLLGNQPQH
W692649,ASRSLKGNQPQH,ASRPLLGNQPQH
W844927,ASRSTPSEPSYEQY,ASRSTPSEPSYEQY
WMC220849,ASRTDYTGELF,ASTEPNTGELF
WMC0034698,ASRTGGLTNEKLF,ASILGGTGNTEAF
W692807,ASRTGLAGIGELF,ASILGGTGNTEAF
WMC221609,ASRTGSGTGELF,ASTLGQNTGELF
WMC219782,ASRTTSRGEQY,SVRMWSYNEQF
WMC219777,ASRTTSRGEQY,SVRMWSYNEQF
WMC219559,ASRTTSRGEQY,SVRMWSYNEQF
WMC219770,ASRTTSRGEQY,SVRMWSYNEQF
WMC219892,ASRTTSRGEQY,SVRMWSYNEQF
WMC220425,ASRTTSRGEQY,SVRMWSYNEQF
W840220,ASRTVYGYT,ASRTVYGYT
W840542,ASRTVYGYT,ASRTVYGYT
W840548,ASRTVYGYT,ASRTVYGYT
W840529,ASRTVYGYT,ASRTVYGYT
WMC627975,ASRVIQGGPQH,ASRPLLGNQPQH
W843431,ASRVRDWGTDTQY,ASGYRGEGTDTQY
W843387,ASRVRDWGTDTQY,ASGYRGEGTDTQY
W692993,ASRVSTGGAGGDNEQF,ASRVSTGGAGGDNEQF
W703840,ASRWGGDLEAF,ASRRGNQPQH
W693341,ASSAASGRNTEAF,ASSQITGENTEAF
W687788,ASSAFILQGYGYT,ASSQNTPSGNTIY
WMC624545,ASSAGLRRINEQF,ASSLGPGNYNEQF
WMC222058,ASSAGQGNSPLH,ASSTGTGNQPQH
WMC221976,ASSAGQGNSPLH,ASSTGTGNQPQH
WMC222003,ASSAGQGNSPLH,ASSTGTGNQPQH
W684200,ASSAGQGSYEQY,ASSAGQGSYEQY
WMC0035799,ASSAGTGGLNQPQH,ASSLWAGNSNQPQH
WMC291565,ASSAGTSGSAGF,ASSPGGGGLAAF
WMC291635,ASSAGTSGSAGF,ASSPGGGGLAAF
W703350,ASSAGYYGYT,ASSLYNYGYT
WMC287638,ASSALAGGTGELF,ASSQITGENTEAF
W840483,ASSAMTGINEKLF,ASSAMTGINEKLF
W840471,ASSAMTGINEKLF,ASSAMTGINEKLF
W842323,ASSAMTGINEKLF,ASSAMTGINEKLF
WMC219493,ASSANRDLYGYT,ASSANRDLYGYT
WMC220147,ASSANRDLYGYT,ASSANRDLYGYT
W839917,ASSAPAGPLSNTGELF,ASSAPAGPLSNTGELF
WMC0037820,ASSAPKASGVPEQF,ASSSPGLANYNEQF
WMC0037916,ASSAPKASGVPEQF,ASSSPGLANYNEQF
W689006,ASSAPSGELF,ASSLGNTEAF
WMC623419,ASSAPVGFSYEQY,ASSAPVGFSYEQY
W695259,ASSARSTGELF,ASSYRVTGELF
W837535,ASSARTGPGYEQY,ASSPRQGWVYEQY
W688761,ASSARTSGYQETQY,ASSARTSGYQETQY
W702777,ASSASAHQETQY,ASSASAHQETQY
W840224,ASSASGKQDTQY,ASSESRTASWQY
WMC219863,ASSASGSLGKTQY,ASSNLGSLRETQY
W686221,ASSATGGVTGELF,ASSQITGENTEAF
W684315,ASSATGGVTGGLF,ASSATGGVTGGLF
W686528,ASSATGGVTRGLF,ASSATGGVTGGLF
W840251,ASSATGLGEQY,ASSLGQAYEQY
W842191,ASSATGTGFGYT,ASSLTGENYGYT
W684152,ASSATGTPRANTGELF,ASSEGRVGNANTGELF
WMC292280,ASSATGTSWVEQF,ASSATGTSWVEQF
W694733,ASSATITDYGANVLT,ASSLGETQY
WMC0035545,ASSATRNTIY,ASSLGGRGAF
WMC0037811,ASSATRNTIY,ASSLGGRGAF
WMC0037856,ASSATRNTIY,ASSLGGRGAF
WMC0038125,ASSATRNTIY,ASSLGGRGAF
W688130,ASSAWDGQPQH,ASSAWDGQPQH
WMC287168,ASSAWDNSYEQY,ASSAGQGSYEQY
WMC289531,ASSAWDNSYEQY,ASSAGQGSYEQY
WMC290448,ASSAWDNSYEQY,ASSAGQGSYEQY
W843817,ASSAYGKAGKSSYNEQF,ASSATGGVTGGLF
W843966,ASSAYGKAGKSSYNEQF,ASSATGGVTGGLF
W843846,ASSAYGKAGKSSYNEQF,ASSATGGVTGGLF
W844001,ASSAYGKAGKSSYNEQF,ASSATGGVTGGLF
W843735,ASSAYGKAGKSSYNEQF,ASSATGGVTGGLF
W843788,ASSAYGKAGKSSYNEQF,ASSATGGVTGGLF
W844498,ASSAYGKAGKSSYNEQF,ASSATGGVTGGLF
W844684,ASSAYGKAGKSSYNEQF,ASSATGGVTGGLF
W844898,ASSAYGKAGKSSYNEQF,ASSATGGVTGGLF
W694412,ASSAYRGSLEAF,ASSAYRGSLEAF
W694655,ASSAYRGSLEAF,ASSAYRGSLEAF
WMC0038606,ASSDADRATGNTIY,ASSQSVGLANYGYT
WMC220662,ASSDGGGSNEQF,ASSAGQGSYEQY
W683921,ASSDGIDEQY,ASSLYTDTQY
WMC220829,ASSDGTSGASDTQY,ASSSRTGEVPDTQY
WMC220884,ASSDGTSGASDTQY,ASSSRTGEVPDTQY
WMC222033,ASSDGTSGASDTQY,ASSSRTGEVPDTQY
WMC221890,ASSDGTSGASDTQY,ASSSRTGEVPDTQY
WMC222109,ASSDGTSGASDTQY,ASSSRTGEVPDTQY
W693380,ASSDHAGTVYNEQF,ASSDHAGTVYNEQF
WMC0109953,ASSDNTLKNIQY,ASSVNTATDTQY
W840214,ASSDPEDWDRGTLQETQY,ASSWDRDEQF
W843530,ASSDPRAGELF,ASSPGLVTEAF
WMC292348,ASSDRAYEQY,ASSDRAYEQY
W842216,ASSDRPRRIEIRGYGYT,ASSVRSGQGISGNTIY
W691710,ASSDRSGLQGEKLF,SASWASALEGETQY
W695270,ASSDTSAGYEQY,ASSTRDTYNEQF
W702942,ASSDTSSYNEQF,ASSTRDTYNEQF
W844135,ASSEAGRGGLYTDTQY,ASSLESEGIVGTDTQY
WMC287693,ASSEAGSGEKLF,ASSPGTAYEKLF
W692644,ASSEAGTGDGGELF,ASSEAGTGDGGELF
WMC0035711,ASSEAQLMGYT,ASSLASLYGYT
WMC0038042,ASSEAQLMGYT,ASSLASLYGYT
WMC0035680,ASSEARLAGELF,ASSEARLAGELF
WMC0035053,ASSEARLKMFAF,ASSEARLKMFAF
WMC0035568,ASSEARLKMFAF,ASSEARLKMFAF
WMC0035664,ASSEARLKMFAF,ASSEARLKMFAF
WMC0035995,ASSEARLKMFAF,ASSEARLKMFAF
WMC0036149,ASSEARLKMFAF,ASSEARLKMFAF
WMC627832,ASSEARRNTIY,ASSQITGENTEAF
WMC0107323,ASSEATNREQQF,ASSEATNREQQF
W693281,ASSEDLGGGNTIY,ASSTQTGGGYGYT
W691948,ASSEDRVDNEQF,ASSPQGVGTEAF
W692086,ASSEEATVNEQF,ASSLETGFYEQY
W693402,ASSEEDSSDTQY,ASSEEDSSDTQY
W702845,ASSEEGQPNTEAF,ASSHADSPNTEAF
W693085,ASSEEMPPRADTQY,ASSEEMPPRADTQY
W693126,ASSEFEAPYEQY,ASSFTAVDYEQY
W686417,ASSEFTGVTDTQY,ASSPGLGGTDTQY
W694458,ASSEFVGEKLF,ASSEFVGEKLF
WMC287431,ASSEGAGMRNTEAF,ASSPGQGVGVTEAF
WMC221935,ASSEGDIAPGTQY,ASSLGQLAKNIQY
WMC623699,ASSEGETQY,ASSLGETQY
WMC623667,ASSEGETQY,ASSLGETQY
WMC624256,ASSEGETQY,ASSLGETQY
WMC624564,ASSEGETQY,ASSLGETQY
WMC624857,ASSEGETQY,ASSLGETQY
WMC626151,ASSEGETQY,ASSLGETQY
WMC626386,ASSEGETQY,ASSLGETQY
WMC626789,ASSEGETQY,ASSLGETQY
WMC626821,ASSEGETQY,ASSLGETQY
WMC626828,ASSEGETQY,ASSLGETQY
WMC627625,ASSEGETQY,ASSLGETQY
W691672,ASSEGGENTEAF,ASSLGQANTEAF
WMC330149,ASSEGGGVFDQPQH,ASSFGTGVGQPQH
W695184,ASSEGGKPQH,ASSRGGQPQH
W840572,ASSEGGLADDNEQF,ASSEGGLADDNEQF
WMC0034702,ASSEGLDQPQH,ASSRGGQPQH
W689481,ASSEGPTGANVLT,ASSTGHPGANVLT
W690017,ASSEGRVGNANTGELF,ASSEGRVGNANTGELF
WMC694204,ASSEGSTEAF,ASSLGNTEAF
WMC693583,ASSEGTSYEQY,ASSPTDSYEQY
WMC693643,ASSEGTSYEQY,ASSPTDSYEQY
WMC695974,ASSEGTSYEQY,ASSPTDSYEQY
WMC696288,ASSEGTSYEQY,ASSPTDSYEQY
WMC696270,ASSEGTSYEQY,ASSPTDSYEQY
WMC696692,ASSEGTSYEQY,ASSPTDSYEQY
WMC696706,ASSEGTSYEQY,ASSPTDSYEQY
WMC221385,ASSEHTGQNNSPLH,ASSEHTGQNNSPLH
W703801,ASSELELWTGELF,ASSELELWTGELF
WMC0035693,ASSELGSRVYGYT,ASSLLGSTLYGYT
W694284,ASSEMSNEQF,ASSPTNYEQY
WMC0036160,ASSENYHSPLH,ASSRGGQPQH
WMC0036105,ASSENYRDSYGYT,ASSKGTGANYGYT
W689195,ASSEPGLAGGSYNEQF,ASSQDRVTGRPGNEQF
W844058,ASSEQGRLNEKLF,ASSAMTGINEKLF
